home_team,away_team,home_xg,away_xg,pred_home,pred_draw,pred_away,pred_o25,pred_btts,actual_result,actual_home_goals,actual_away_goals,actual_total,actual_o25,actual_btts,entropy,match_type
TOULOUSE,MARSEILLE,1.5396294132907848,1.2784448729766749,0.4326,0.2509,0.3165,0.5368,0.5691,A,1,3,4,1,1,1.5487691717278158,high_uncertainty
ASTON VILLA,WEST HAM,1.8003455910206043,0.7635114086889665,0.6187,0.2272,0.1541,0.4736,0.4453,D,1,1,2,0,1,1.3300830463938,balanced
CRYSTAL PALACE,MAN UNITED,1.7270552562191337,1.2446746580263746,0.4834,0.2367,0.2799,0.5662,0.584,D,0,0,0,0,0,1.5131958107754244,high_uncertainty
PARMA,ATALANTA,0.8113495489741043,2.1333408400089113,0.1233,0.1926,0.6841,0.5652,0.4927,A,1,3,4,1,1,1.2047109789884503,balanced
MONACO,STRASBOURG,1.689222051893551,1.1491952753371617,0.4951,0.2442,0.2607,0.5374,0.5571,H,3,2,5,1,1,1.5044416895143402,high_uncertainty
RB LEIPZIG,WERDER BREMEN,1.4142922689845723,1.154008026934732,0.4324,0.2633,0.3043,0.4741,0.5159,H,4,2,6,1,1,1.5522357941390668,high_uncertainty
JUVENTUS,COMO,1.8066722473086332,1.1905751615595266,0.5237,0.23,0.2463,0.5784,0.5834,H,3,0,3,1,0,1.4742762366550306,balanced
WEST HAM,TOTTENHAM,1.2029700998717214,1.567181498707827,0.2897,0.2536,0.4567,0.5149,0.5531,D,1,1,2,0,1,1.5361518619398655,high_uncertainty
M'GLADBACH,BAYERN MUNICH,1.0861754561856105,2.392654879985962,0.1525,0.1761,0.6714,0.6733,0.5916,A,0,1,1,0,0,1.2408659005090528,balanced
WERDER BREMEN,M'GLADBACH,1.4151052091513674,1.2709203344944247,0.4043,0.2628,0.3329,0.5015,0.551,D,2,2,4,1,1,1.5631461213423017,high_uncertainty
CLERMONT,PARIS SG,1.2961390302167837,1.56211265369429,0.324,0.2454,0.4306,0.5522,0.5833,D,0,0,0,0,0,1.547606322956038,high_uncertainty
UNION BERLIN,BAYERN MUNICH,0.5695704276542379,2.446004244610639,0.0694,0.1434,0.7872,0.5802,0.4023,D,2,2,4,1,1,0.9406448835096153,predictable
ATH MADRID,VALENCIA,2.6019229555463017,0.7511335092818505,0.773,0.1438,0.0832,0.6547,0.4909,H,2,1,3,1,1,0.9879323221071014,predictable
M'GLADBACH,WERDER BREMEN,2.044381308014945,1.5879128479079474,0.4822,0.2066,0.3112,0.7026,0.6861,H,4,1,5,1,1,1.5015380671126872,high_uncertainty
PISA,LAZIO,1.1753590176234439,1.100386200911295,0.3675,0.2944,0.3381,0.3962,0.4642,D,0,0,0,0,0,1.5790534860846388,high_uncertainty
LENS,TOULOUSE,1.4197055614232246,1.0177028840421205,0.4622,0.2657,0.2721,0.435,0.4812,A,0,1,1,0,0,1.5336183623837452,high_uncertainty
CAGLIARI,EMPOLI,1.454734477433635,0.8832256155366165,0.4968,0.2726,0.2306,0.4199,0.4553,A,0,2,2,0,0,1.5006387789279159,high_uncertainty
RB LEIPZIG,BAYERN MUNICH,1.4233721304095004,1.29867241088098,0.3975,0.2566,0.3459,0.5132,0.5566,D,2,2,4,1,1,1.5623866063052567,high_uncertainty
LILLE,AUXERRE,1.900093683488128,1.036753292229974,0.5731,0.2214,0.2055,0.5635,0.547,H,3,1,4,1,1,1.4109989185192267,balanced
ASTON VILLA,LIVERPOOL,1.152819511195143,2.0796024343100568,0.2071,0.2067,0.5862,0.6252,0.5879,D,3,3,6,1,1,1.3922525157303323,balanced
LIVERPOOL,EVERTON,3.022495385387042,1.0060262385331413,0.778,0.1302,0.0918,0.7714,0.6167,H,1,0,1,0,0,0.9809871757442707,predictable
LAZIO,TORINO,1.7990592334910314,0.7385432722456138,0.6144,0.2386,0.147,0.4658,0.4472,D,3,3,6,1,1,1.331653885478902,balanced
M'GLADBACH,FC KOLN,1.9191493687567605,0.9540545940757034,0.6001,0.2211,0.1788,0.5498,0.5286,D,3,3,6,1,1,1.3675584657271407,balanced
LAZIO,GENOA,1.987182598056512,0.9095512317617147,0.6283,0.2117,0.16,0.5634,0.5197,H,3,0,3,1,0,1.3184644029821093,balanced
INTER,ATALANTA,2.1520085535444813,1.2786786322825208,0.5758,0.2047,0.2195,0.6598,0.6339,H,4,0,4,1,0,1.4071849431071446,balanced
MALLORCA,ATH MADRID,0.9003271623805439,1.361237144571028,0.2432,0.2815,0.4753,0.3963,0.4467,A,0,1,1,0,0,1.520920488719092,high_uncertainty
HEIDENHEIM,RB LEIPZIG,1.1793552434929326,1.462170096764562,0.3094,0.2552,0.4354,0.4915,0.5323,A,0,1,1,0,0,1.5487660893775779,high_uncertainty
ROMA,CAGLIARI,1.6966197176667492,0.6158741420383052,0.6323,0.238,0.1297,0.4092,0.3751,H,1,0,1,0,0,1.2932353820863038,balanced
LEICESTER,TOTTENHAM,0.9972165238323129,2.033725416164065,0.1796,0.2095,0.6109,0.5781,0.5384,D,1,1,2,0,1,1.351657261439501,balanced
TORINO,GENOA,1.5220855301139775,0.8212557542506886,0.537,0.2608,0.2022,0.4209,0.4417,H,1,0,1,0,0,1.4536818502925148,balanced
EIN FRANKFURT,ST PAULI,1.4387036554812005,1.1639131355096741,0.4263,0.2613,0.3124,0.4761,0.5184,H,2,0,2,0,0,1.5546826176719475,high_uncertainty
NEWCASTLE,MAN CITY,1.1202812881850142,2.16740786913185,0.1859,0.1978,0.6163,0.6319,0.596,A,2,3,5,1,1,1.3440470872555716,balanced
ANGERS,BREST,1.1709550945607958,1.2817356043640382,0.3308,0.2764,0.3928,0.4369,0.4937,A,0,2,2,0,0,1.5702623267574656,high_uncertainty
SOUTHAMPTON,IPSWICH,1.3397166245571195,0.7033575071685164,0.5131,0.2953,0.1916,0.3382,0.3765,D,1,1,2,0,1,1.470350390520325,balanced
LAS PALMAS,VALLADOLID,1.443564452585832,0.7800518268095189,0.5307,0.2692,0.2001,0.3815,0.4085,H,2,1,3,1,1,1.4592128629424694,balanced
EVERTON,BOURNEMOUTH,1.6806303709696386,0.9362016463304648,0.5488,0.2424,0.2088,0.4984,0.5011,H,3,0,3,1,0,1.4425110901961748,balanced
CHELSEA,BOURNEMOUTH,2.0628654361088383,0.9639792325453209,0.623,0.2129,0.1641,0.5823,0.5472,D,2,2,4,1,1,1.328326200777176,balanced
ROMA,BOLOGNA,1.7688844444653977,1.562805606889824,0.4267,0.2323,0.341,0.6418,0.653,A,1,3,4,1,1,1.5427837767280157,high_uncertainty
GENOA,JUVENTUS,1.0495789354470166,1.2842745566829896,0.3106,0.2714,0.418,0.4116,0.4668,D,1,1,2,0,1,1.5606047194773502,high_uncertainty
BOURNEMOUTH,CHELSEA,1.9504822460747402,1.7703971317481795,0.4398,0.2115,0.3487,0.7082,0.7063,A,0,1,1,0,0,1.525230777599051,high_uncertainty
CAGLIARI,VERONA,1.5555656137680423,1.1033747362027897,0.4785,0.2578,0.2637,0.4954,0.5307,H,1,0,1,0,0,1.5201176663051654,high_uncertainty
BOURNEMOUTH,CHELSEA,1.0488779132593595,1.4886025671211498,0.2699,0.2572,0.4729,0.462,0.4993,D,0,0,0,0,0,1.5247591517989025,high_uncertainty
PARMA,ATALANTA,1.166444425028129,1.494951811688956,0.3013,0.2554,0.4433,0.4996,0.5339,D,1,1,2,0,1,1.5446707902398003,high_uncertainty
M'GLADBACH,BAYERN MUNICH,0.9894285181713393,2.0110842583117465,0.1788,0.2099,0.6113,0.5787,0.5451,A,1,2,3,1,1,1.350858622951799,balanced
ALAVES,REAL MADRID,1.2419890350799734,1.7061988744851413,0.269,0.2433,0.4877,0.5692,0.5896,A,0,1,1,0,0,1.5109330273591048,high_uncertainty
MAN UNITED,BRIGHTON,1.4654953310922183,1.6294387462586082,0.3464,0.2435,0.4101,0.6026,0.6174,A,1,3,4,1,1,1.5534386454789975,high_uncertainty
BRENTFORD,IPSWICH,1.5360377151860007,0.7924598806489568,0.5465,0.2565,0.197,0.4195,0.4395,H,4,3,7,1,1,1.4416045695062758,balanced
FIORENTINA,TORINO,1.9136943181790058,0.8719082240810672,0.6215,0.2153,0.1632,0.5251,0.4856,D,1,1,2,0,1,1.330286126965881,balanced
MAN CITY,IPSWICH,3.979960332578184,0.6424457746154105,0.9192,0.0579,0.0229,0.8282,0.4549,H,4,1,5,1,1,0.47448491598414533,predictable
FREIBURG,M'GLADBACH,1.7470862995857868,1.3922953211711304,0.4582,0.2336,0.3082,0.6113,0.6207,H,3,1,4,1,1,1.5293196484570186,high_uncertainty
SASSUOLO,MILAN,1.1393414510563806,1.8347880221041935,0.2364,0.2335,0.5301,0.5683,0.569,D,3,3,6,1,1,1.4672713161039785,balanced
MAN UNITED,CRYSTAL PALACE,1.8317598204419332,1.0524074140203545,0.5584,0.2252,0.2164,0.544,0.5445,A,0,1,1,0,0,1.431610200373389,balanced
M'GLADBACH,STUTTGART,1.1018466731686016,1.9800113114228621,0.2051,0.2143,0.5806,0.599,0.5794,A,1,3,4,1,1,1.4004278423748076,balanced
GIRONA,ATH MADRID,0.9588993227896723,1.961235224385772,0.1804,0.2179,0.6017,0.5646,0.5361,A,0,4,4,1,0,1.3656968805306797,balanced
CAGLIARI,ROMA,1.5242526673877779,1.247612701227544,0.4337,0.2542,0.3121,0.5201,0.5539,D,0,0,0,0,0,1.5493015489579758,high_uncertainty
EMPOLI,BOLOGNA,0.937953553497617,1.7255491562693568,0.2064,0.2334,0.5602,0.5034,0.5039,A,0,1,1,0,0,1.4281213820666563,balanced
FULHAM,WOLVES,1.3804691078830784,1.1175254988339909,0.423,0.2732,0.3038,0.4587,0.5043,H,3,2,5,1,1,1.5586530947077708,high_uncertainty
FIORENTINA,LECCE,1.6254894794988084,1.0714381533251411,0.5048,0.2478,0.2474,0.502,0.5301,A,0,1,1,0,0,1.4951332865226639,balanced
ATH MADRID,ELCHE,2.2847224749196844,0.7988431995354808,0.705,0.1773,0.1177,0.5992,0.4995,D,1,1,2,0,1,1.1613468061587566,predictable
BAYERN MUNICH,AUGSBURG,2.879264089120983,0.7862624223051915,0.8063,0.1212,0.0725,0.7098,0.5209,H,3,1,4,1,1,0.8939199550875658,predictable
LIVERPOOL,NOTT'M FOREST,2.144245734722709,0.9394649230239407,0.6487,0.1939,0.1574,0.5956,0.5401,H,3,0,3,1,0,1.2837831698102566,balanced
BETIS,VALLADOLID,3.0513258453685825,0.6881236342079652,0.8394,0.1101,0.0505,0.7147,0.4642,H,5,1,6,1,1,0.7800001855358025,predictable
ST ETIENNE,LENS,0.911230375800317,1.6099606255262475,0.2131,0.2452,0.5417,0.4618,0.4779,A,0,2,2,0,0,1.4516536348443068,balanced
ROMA,ATALANTA,0.8605224826879819,1.8540908837186816,0.1638,0.2265,0.6097,0.5129,0.4911,A,0,2,2,0,0,1.3479955373349435,balanced
WOLFSBURG,BAYERN MUNICH,1.0195063761015413,2.0477804243273687,0.1778,0.2115,0.6107,0.5913,0.5542,A,1,2,3,1,1,1.3515393322006963,balanced
CELTA,BETIS,1.1424362104727148,1.119968276636386,0.3641,0.2901,0.3458,0.4003,0.4648,H,3,2,5,1,1,1.5784100599401616,high_uncertainty
MONACO,STRASBOURG,1.616450687183958,1.1800165603644797,0.4786,0.2444,0.277,0.5404,0.5598,H,3,0,3,1,0,1.5186069342220019,high_uncertainty
BREST,REIMS,1.6755905179389858,0.8826428405999799,0.5631,0.2417,0.1952,0.4701,0.4819,D,1,1,2,0,1,1.4218040386458843,balanced
HOFFENHEIM,HEIDENHEIM,1.7973218624612761,1.2475434727311423,0.4966,0.2311,0.2723,0.5884,0.5981,H,3,1,4,1,1,1.5009315735755349,high_uncertainty
BETIS,VILLARREAL,1.2737090783402234,1.2238513393034276,0.3745,0.2777,0.3478,0.4589,0.5155,A,1,2,3,1,1,1.5738858271700056,high_uncertainty
WOLFSBURG,WERDER BREMEN,2.2499349881889836,1.0174859690544948,0.6528,0.1879,0.1593,0.634,0.5619,D,2,2,4,1,1,1.277041196320647,balanced
VENEZIA,INTER,0.5402251837006445,2.4852243669538256,0.0621,0.1418,0.7961,0.5884,0.3818,A,0,1,1,0,0,0.9104773631889018,predictable
SALERNITANA,ATALANTA,1.177020955678857,2.0352109365298676,0.2097,0.2206,0.5697,0.6149,0.5971,A,1,2,3,1,1,1.4160375675485235,balanced
M'GLADBACH,EIN FRANKFURT,1.7187630841570851,1.5803074742208818,0.4169,0.2268,0.3563,0.6466,0.6569,D,1,1,2,0,1,1.54216153976324,high_uncertainty
M'GLADBACH,HAMBURG,0.9985843704505609,1.4977870030191536,0.2554,0.2608,0.4838,0.4552,0.4888,D,0,0,0,0,0,1.515401876212421,high_uncertainty
MAN UNITED,SOUTHAMPTON,1.5986437568942085,0.6685245296150306,0.594,0.2508,0.1552,0.3954,0.3899,H,3,1,4,1,1,1.3639607948165078,balanced
VERONA,MILAN,0.9495372798715098,1.950791285781379,0.1823,0.2151,0.6026,0.5532,0.5238,A,0,1,1,0,0,1.3648543062631913,balanced
LENS,LILLE,1.2802321493401325,1.7020218728640366,0.2908,0.2445,0.4647,0.5655,0.5906,H,3,0,3,1,0,1.5288091932902164,high_uncertainty
SASSUOLO,EMPOLI,1.6638969971108297,1.2492847285024018,0.4808,0.2418,0.2774,0.5594,0.5777,A,2,3,5,1,1,1.5163738866285061,high_uncertainty
AUXERRE,LYON,1.5773129074442764,1.592232717286944,0.382,0.2336,0.3844,0.6186,0.6342,A,1,3,4,1,1,1.5506288946130193,high_uncertainty
OSASUNA,GIRONA,1.1298394275694195,1.5843514994005532,0.2646,0.2496,0.4858,0.5127,0.5368,A,2,4,6,1,1,1.5133024247779912,high_uncertainty
SALERNITANA,JUVENTUS,0.9606941840642933,1.6002849679272222,0.2248,0.2476,0.5276,0.4728,0.4936,A,1,2,3,1,1,1.4694068115332186,balanced
CAGLIARI,INTER,1.344394631242654,1.8458521703342456,0.2736,0.2227,0.5037,0.626,0.6223,A,0,2,2,0,0,1.4924882551007987,balanced
BAYERN MUNICH,DORTMUND,2.905777634184586,1.3036222953997647,0.7066,0.1521,0.1413,0.7933,0.6877,D,2,2,4,1,1,1.1661860113022329,predictable
ST PAULI,AUGSBURG,1.407602344352233,1.0524854249516165,0.4521,0.2687,0.2792,0.4499,0.4953,D,1,1,2,0,1,1.541124407887566,high_uncertainty
WOLVES,MAN CITY,0.5568243600576332,2.3279547412012214,0.0738,0.1558,0.7704,0.5391,0.3844,H,2,1,3,1,1,0.9853144801535831,predictable
BREST,RENNES,1.4508266660849556,1.1538542464402963,0.4469,0.2562,0.2969,0.4809,0.5187,D,1,1,2,0,1,1.5427866312190515,high_uncertainty
ATH BILBAO,ATH MADRID,0.942783819151105,1.6362024617725557,0.2234,0.2551,0.5215,0.4772,0.4983,H,1,0,1,0,0,1.475649816948669,balanced
MAN UNITED,CRYSTAL PALACE,1.408834091163575,0.9464066743374915,0.4839,0.2595,0.2566,0.4222,0.4579,A,0,2,2,0,0,1.5153401941073135,high_uncertainty
VALLADOLID,ATH BILBAO,1.0733986029135705,1.4853075866878385,0.2695,0.2539,0.4766,0.4759,0.5146,D,1,1,2,0,1,1.52148405123472,high_uncertainty
SALERNITANA,MILAN,1.2198931777611388,2.016616927950019,0.2294,0.2199,0.5507,0.6252,0.6169,D,2,2,4,1,1,1.441725464654023,balanced
WOLVES,CRYSTAL PALACE,1.1413366084466212,1.5243783355953768,0.2859,0.2534,0.4607,0.4908,0.5327,A,0,2,2,0,0,1.5334252869633775,high_uncertainty
METZ,REIMS,1.2786923106285024,1.4043321016624104,0.3351,0.2731,0.3918,0.4973,0.5508,D,2,2,4,1,1,1.569584278663591,high_uncertainty
WOLVES,EVERTON,1.5479326976754098,1.3401808770759236,0.4252,0.2414,0.3334,0.5471,0.5785,A,2,3,5,1,1,1.5479276113080904,high_uncertainty
CADIZ,MALLORCA,1.188343054590067,1.0097038562737535,0.3943,0.2962,0.3095,0.3777,0.4422,D,1,1,2,0,1,1.5730078176834272,high_uncertainty
LAS PALMAS,ALMERIA,1.5499607011671823,0.9578638699587746,0.51,0.2517,0.2383,0.4615,0.4872,A,0,1,1,0,0,1.489447071732517,balanced
CRYSTAL PALACE,BRIGHTON,1.1683459811102554,1.4541331689477184,0.3027,0.2654,0.4319,0.4838,0.5299,D,1,1,2,0,1,1.5529091363130991,high_uncertainty
LECCE,MONZA,1.2684919406209445,1.4984978191704645,0.3165,0.2572,0.4263,0.5243,0.562,H,2,1,3,1,1,1.5535408026781552,high_uncertainty
CELTA,GIRONA,1.804782233808986,0.8079904389574819,0.6173,0.2209,0.1618,0.4912,0.4654,D,1,1,2,0,1,1.336016663754107,balanced
REAL MADRID,BARCELONA,1.8871220298084328,1.129715341440319,0.5508,0.2239,0.2253,0.573,0.5629,H,3,2,5,1,1,1.4417378357197728,balanced
FREIBURG,WERDER BREMEN,2.0096074298313114,0.9063661192542154,0.6142,0.2115,0.1743,0.5695,0.5267,H,1,0,1,0,0,1.3452441319692139,balanced
BOLOGNA,INTER,1.3137849071291656,1.5507242484417598,0.3296,0.244,0.4264,0.5525,0.5841,H,1,0,1,0,0,1.5486637696874874,high_uncertainty
MONACO,ST ETIENNE,2.2839349573844583,0.9442114984919083,0.679,0.1834,0.1376,0.6303,0.5477,H,1,0,1,0,0,1.2217356897644156,balanced
NOTT'M FOREST,WEST HAM,1.9191580428957522,0.925644295237585,0.6106,0.2087,0.1807,0.5329,0.5054,H,3,0,3,1,0,1.3523576737166987,balanced
LILLE,MONACO,1.4228419321531276,1.1473491902111879,0.4337,0.2612,0.3051,0.4727,0.5167,H,2,0,2,0,0,1.551121961612346,high_uncertainty
STUTTGART,FREIBURG,1.759317679794142,1.3334839747701765,0.4691,0.2348,0.2961,0.5887,0.6051,H,5,0,5,1,0,1.5230261683009707,high_uncertainty
BAYERN MUNICH,HOFFENHEIM,3.276894663955208,0.9839067929545421,0.8087,0.1125,0.0788,0.7968,0.6081,H,5,0,5,1,0,0.8911782011995577,predictable
GETAFE,VALLADOLID,1.9038981747767199,0.7609519857595493,0.6369,0.2192,0.1439,0.4916,0.4479,H,2,0,2,0,0,1.2969798041461336,balanced
MAN UNITED,FULHAM,1.806240066447491,1.324749568004823,0.488,0.2336,0.2784,0.6091,0.6192,A,1,2,3,1,1,1.50875316231507,high_uncertainty
NOTT'M FOREST,MAN CITY,1.2049604266329899,1.9569392862701642,0.2245,0.2156,0.5599,0.6122,0.5988,H,1,0,1,0,0,1.4295924459856044,balanced
LENS,PARIS FC,1.6607616671117764,1.1394821155128605,0.4921,0.2403,0.2676,0.5256,0.5401,H,2,1,3,1,1,1.506660903170546,high_uncertainty
BRIGHTON,EVERTON,2.043148716757092,0.904537268134992,0.6375,0.2153,0.1472,0.5624,0.5137,D,1,1,2,0,1,1.2979552729617427,balanced
LECCE,BOLOGNA,1.0379109330263656,1.3100639101957234,0.2974,0.2724,0.4302,0.4258,0.4745,D,1,1,2,0,1,1.5549047616087712,high_uncertainty
BURNLEY,TOTTENHAM,1.5221420578892912,1.2463377607208703,0.4305,0.2564,0.3131,0.5182,0.5524,A,2,5,7,1,1,1.5514387740213356,high_uncertainty
SHEFFIELD UNITED,NOTT'M FOREST,0.7408553561815436,1.580974289583804,0.1711,0.2589,0.57,0.4099,0.4226,A,1,3,4,1,1,1.402791661492676,balanced
ATH MADRID,ATH BILBAO,1.62753446589704,0.998333392978078,0.5227,0.244,0.2333,0.4905,0.5027,H,3,1,4,1,1,1.4756396319638392,balanced
AUGSBURG,BAYERN MUNICH,0.9495734363891801,1.928825159563863,0.1786,0.2232,0.5982,0.5428,0.523,A,1,3,4,1,1,1.370215304818128,balanced
CAGLIARI,MONZA,1.304193111288743,1.5911307312844716,0.3083,0.2517,0.44,0.5535,0.5831,D,1,1,2,0,1,1.5454538950286991,high_uncertainty
UNION BERLIN,AUGSBURG,1.5568760935511428,1.09678814511313,0.4787,0.254,0.2673,0.4884,0.5176,D,1,1,2,0,1,1.5197457335048024,high_uncertainty
VILLARREAL,BETIS,1.8054277250358288,1.0536068389912536,0.5468,0.2289,0.2243,0.5486,0.5538,A,1,2,3,1,1,1.4468373625281084,balanced
FC KOLN,BOCHUM,1.398233905842897,1.5250709508218607,0.3516,0.2428,0.4056,0.562,0.5907,H,2,1,3,1,1,1.5540853675535942,high_uncertainty
EVERTON,LUTON,1.7202924905154389,1.2670329500357922,0.4773,0.2343,0.2884,0.5762,0.5902,A,1,2,3,1,1,1.5171663152945465,high_uncertainty
ARSENAL,MAN CITY,1.5948836973862435,1.2074815406547306,0.4651,0.2402,0.2947,0.5421,0.5666,H,5,1,6,1,1,1.5273701715585164,high_uncertainty
VILLARREAL,ATH BILBAO,1.6890180754749462,0.8816166804980826,0.5683,0.2395,0.1922,0.4783,0.4804,H,1,0,1,0,0,1.4144518899282255,balanced
BREST,RENNES,1.291663690767244,1.3196306191296143,0.3638,0.2678,0.3684,0.4853,0.5379,D,0,0,0,0,0,1.5704691842519405,high_uncertainty
WOLVES,ASTON VILLA,0.7614033714700442,1.8136816255529888,0.1553,0.226,0.6187,0.4726,0.4423,D,1,1,2,0,1,1.3307438583084679,balanced
CRYSTAL PALACE,MAN CITY,1.0132977121469005,2.2366707086274245,0.1559,0.1935,0.6506,0.631,0.5696,A,2,4,6,1,1,1.2800066500742564,balanced
COMO,PARMA,1.8636141718705315,1.5090237970380818,0.4595,0.2192,0.3213,0.6478,0.6507,D,1,1,2,0,1,1.521765762500483,high_uncertainty
ANGERS,LENS,1.0166456103438428,1.3274514973360474,0.2863,0.2843,0.4294,0.42,0.4746,A,0,1,1,0,0,1.5561649456198563,high_uncertainty
CELTA,VILLARREAL,1.1967265493577541,1.3955183126588293,0.3226,0.2664,0.411,0.4808,0.5249,H,3,0,3,1,0,1.5621485503797774,high_uncertainty
NAPOLI,GENOA,1.888513949873795,0.7748515339350049,0.6383,0.212,0.1497,0.4952,0.4558,D,2,2,4,1,1,1.2980059841224576,balanced
SUNDERLAND,BRENTFORD,1.5687803224899597,0.789686606779728,0.5543,0.2615,0.1842,0.4223,0.4402,H,2,1,3,1,1,1.427455812143135,balanced
CRYSTAL PALACE,NEWCASTLE,1.3125354095720931,1.5521165592484985,0.3295,0.2493,0.4212,0.5481,0.5762,H,2,0,2,0,0,1.5527664481072476,high_uncertainty
GENOA,PARMA,1.4336803860147724,0.7547913354319675,0.5305,0.2707,0.1988,0.3743,0.4017,H,1,0,1,0,0,1.4588401842752476,balanced
SOUTHAMPTON,BRENTFORD,1.413812018714722,1.2143570669167203,0.4255,0.2546,0.3199,0.4888,0.5261,A,0,5,5,1,0,1.5530599548349098,high_uncertainty
M'GLADBACH,UNION BERLIN,1.6305649633855925,1.1919517971966374,0.477,0.2475,0.2755,0.5367,0.559,H,1,0,1,0,0,1.5203912410817788,high_uncertainty
GIRONA,SEVILLA,1.3316343976969949,0.8640949774246597,0.4744,0.289,0.2366,0.3752,0.4234,A,1,2,3,1,1,1.5199335817684874,high_uncertainty
ALAVES,OSASUNA,1.382275364779979,1.072296108799904,0.4428,0.2712,0.286,0.4456,0.4968,A,0,2,2,0,0,1.5474551636875968,high_uncertainty
DORTMUND,UNION BERLIN,1.7011093658125815,1.0662254749331983,0.5145,0.2427,0.2428,0.5216,0.5348,H,6,0,6,1,0,1.484893246816295,balanced
ARSENAL,MAN UNITED,2.0162927646230027,1.1167719442795987,0.5764,0.2153,0.2083,0.5999,0.5821,H,2,0,2,0,0,1.4066084908658527,balanced
LENS,BREST,1.0932413580184985,1.2942349862325657,0.3179,0.2699,0.4122,0.4275,0.4781,H,1,0,1,0,0,1.562610626799702,high_uncertainty
ATALANTA,COMO,1.7487540565894506,1.1124622238624782,0.5198,0.237,0.2432,0.5395,0.5498,A,2,3,5,1,1,1.4790107703809272,balanced
SEVILLA,CELTA,1.4569532742109257,1.3411788514767757,0.4042,0.2488,0.347,0.5266,0.5644,H,1,0,1,0,0,1.557425762471695,high_uncertainty
DORTMUND,STUTTGART,1.8524033336323018,1.0707784528744668,0.559,0.2265,0.2145,0.5604,0.5576,D,3,3,6,1,1,1.4306969463286192,balanced
VALLECANO,SEVILLA,1.4857101024480666,0.9611365586712113,0.4915,0.261,0.2475,0.4434,0.4796,A,1,2,3,1,1,1.5080329540866264,high_uncertainty
MONTPELLIER,LORIENT,1.5879914091917737,0.9800974772923883,0.5156,0.2508,0.2336,0.4801,0.5044,H,2,0,2,0,0,1.4832570527530589,balanced
NEWCASTLE,MAN UNITED,1.6175578791934713,1.1392454730246355,0.489,0.2493,0.2617,0.5187,0.5443,H,4,1,5,1,1,1.510433764714385,high_uncertainty
M'GLADBACH,LEVERKUSEN,1.2232125989807743,2.2267893198550963,0.207,0.1977,0.5953,0.6641,0.6205,A,2,3,5,1,1,1.3781794341423055,balanced
ANGERS,PARIS FC,1.3638570805537047,1.3358203548517202,0.3753,0.2606,0.3641,0.5055,0.549,H,1,0,1,0,0,1.5669280495811635,high_uncertainty
LAZIO,VERONA,1.4367201126617615,1.2313492338149696,0.4172,0.2597,0.3231,0.5065,0.5468,H,2,1,3,1,1,1.5579418278691817,high_uncertainty
STUTTGART,BOCHUM,2.6361062584112207,0.9132950939080178,0.7309,0.1617,0.1074,0.6847,0.5586,H,2,0,2,0,0,1.101311996800999,predictable
LUTON,FULHAM,1.1899210724770726,1.4801864527427167,0.3049,0.2593,0.4358,0.4964,0.5338,A,2,4,6,1,1,1.5496131361664056,high_uncertainty
WOLVES,CRYSTAL PALACE,0.9786061904394318,1.8381311347544405,0.1985,0.2185,0.583,0.5313,0.5126,D,2,2,4,1,1,1.3963380302674397,balanced
ROMA,NAPOLI,1.207338723595255,1.1626510646601653,0.3725,0.2823,0.3452,0.4172,0.4815,D,1,1,2,0,1,1.5755165665527857,high_uncertainty
VALENCIA,BETIS,1.278178855791026,0.8925753599365038,0.4494,0.29,0.2606,0.3731,0.426,A,1,2,3,1,1,1.5420667537934774,high_uncertainty
REIMS,BREST,1.683414063429173,1.3262782925612155,0.469,0.2327,0.2983,0.582,0.5947,A,1,2,3,1,1,1.5223644138421462,high_uncertainty
LEEDS,NEWCASTLE,1.1632780773054006,1.5928153491438242,0.2744,0.2551,0.4705,0.5143,0.544,D,0,0,0,0,0,1.5264799680913583,high_uncertainty
EIN FRANKFURT,DORTMUND,1.3005905943177833,1.884185726449025,0.2519,0.2248,0.5233,0.6186,0.619,D,3,3,6,1,1,1.4740210667338494,balanced
WERDER BREMEN,FC KOLN,1.1630834736628222,1.9661740098310907,0.2171,0.2161,0.5668,0.6137,0.5969,H,2,1,3,1,1,1.420284453901629,balanced
INTER,MILAN,1.7644908888620683,1.1173604331894886,0.5271,0.231,0.2419,0.5525,0.5579,H,5,1,6,1,1,1.470598656671479,balanced
BOURNEMOUTH,IPSWICH,2.743243087864824,0.8983939272816205,0.7596,0.1486,0.0918,0.6987,0.5497,A,1,2,3,1,1,1.0263319888664681,predictable
MONACO,LENS,1.7728416790593313,1.4545460202309974,0.4479,0.2399,0.3122,0.613,0.6345,H,3,0,3,1,0,1.5374042498334843,high_uncertainty
VERONA,UDINESE,1.2602196456685604,1.1258231101365106,0.3998,0.2746,0.3256,0.4378,0.4922,D,0,0,0,0,0,1.5679037095994635,high_uncertainty
BARCELONA,ATH BILBAO,2.1996542921469815,0.9064610159503373,0.67,0.191,0.139,0.6014,0.5366,H,2,1,3,1,1,1.2389909882174512,balanced
TORINO,PARMA,1.3981601354056818,1.0257280406351765,0.4551,0.2642,0.2807,0.4371,0.4802,D,0,0,0,0,0,1.538714717264949,high_uncertainty
ALAVES,CELTA,1.231634464654597,1.1542130159472097,0.3846,0.2753,0.3401,0.4309,0.4862,D,1,1,2,0,1,1.5716950876906302,high_uncertainty
PARIS FC,LORIENT,2.2017989919542966,1.4049940324066248,0.5549,0.205,0.2401,0.7022,0.6742,H,2,0,2,0,0,1.4343871251171878,balanced
LEEDS,LIVERPOOL,1.0742350668646141,1.5725207364616436,0.2599,0.2493,0.4908,0.4948,0.5216,D,3,3,6,1,1,1.5087965828611396,high_uncertainty
SHEFFIELD UNITED,CRYSTAL PALACE,0.958306202538318,1.3076101947915484,0.2743,0.2776,0.4481,0.386,0.4446,A,0,1,1,0,0,1.5440996336278041,high_uncertainty
CADIZ,SOCIEDAD,1.0128971186579667,1.2882332259675908,0.2931,0.2839,0.423,0.4011,0.4545,D,0,0,0,0,0,1.5597184335146972,high_uncertainty
LILLE,BREST,1.6560755365010402,1.168458623400051,0.4876,0.2472,0.2652,0.5382,0.5541,H,3,1,4,1,1,1.511500081691214,high_uncertainty
GETAFE,BETIS,1.2425776997368416,1.0284328311900452,0.4081,0.2847,0.3072,0.3944,0.4515,A,1,2,3,1,1,1.5667749109398565,high_uncertainty
PARMA,INTER,0.9388404373382405,2.133924967976198,0.1614,0.1946,0.644,0.6052,0.5426,D,2,2,4,1,1,1.2930760434187367,balanced
CRYSTAL PALACE,SOUTHAMPTON,1.5721062263227523,0.8622135502968183,0.5404,0.2539,0.2057,0.447,0.4629,H,2,1,3,1,1,1.451232378214769,balanced
BREST,LORIENT,1.538523459472794,0.800347119811439,0.5438,0.2558,0.2004,0.4221,0.4297,H,4,0,4,1,0,1.4457924686789423,balanced
VILLARREAL,GIRONA,1.7806918713218662,1.312879795678433,0.481,0.2365,0.2825,0.6056,0.6182,A,1,2,3,1,1,1.5150132753859598,high_uncertainty
GIRONA,OVIEDO,1.366549417561331,0.9511944410371265,0.4631,0.2728,0.2641,0.4088,0.4539,D,3,3,6,1,1,1.5328659527919453,high_uncertainty
PARMA,MONZA,1.2065410602253173,1.4659975209772798,0.3202,0.2502,0.4296,0.5071,0.5376,H,2,1,3,1,1,1.5498395584469227,high_uncertainty
ARSENAL,NEWCASTLE,2.6533507214304035,1.104413198614462,0.7067,0.1608,0.1325,0.7167,0.6149,H,4,1,5,1,1,1.1642732159702605,predictable
FIORENTINA,MONZA,2.4710646917773302,0.754895211422803,0.7467,0.157,0.0963,0.6244,0.4855,D,2,2,4,1,1,1.059171233821996,predictable
NAPOLI,EMPOLI,2.5230475803052643,0.6849185659731275,0.7637,0.1543,0.082,0.6202,0.4579,A,0,1,1,0,0,1.0089169548034074,predictable
IPSWICH,MAN CITY,1.0023716394011386,2.08907057553144,0.1713,0.2071,0.6216,0.5975,0.5539,A,0,6,6,1,0,1.3328572893785597,balanced
LIVERPOOL,IPSWICH,2.8477736808925447,0.65321708631402,0.8234,0.1183,0.0583,0.6846,0.4573,H,4,1,5,1,1,0.8341808034735303,predictable
HEIDENHEIM,STUTTGART,1.2555164633970932,1.6381939722729386,0.2956,0.2437,0.4607,0.5541,0.5791,H,2,0,2,0,0,1.531230489872309,high_uncertainty
VALLECANO,GETAFE,1.3413965300585313,1.0557677307227857,0.4372,0.2693,0.2935,0.4235,0.4693,D,0,0,0,0,0,1.5506395201411514,high_uncertainty
CELTA,MALLORCA,1.3992005867585164,0.8910271390350601,0.485,0.2759,0.2391,0.4043,0.4519,H,2,0,2,0,0,1.5124522224510328,high_uncertainty
NANTES,LENS,1.3026465755492596,1.4254028098809763,0.3491,0.257,0.3939,0.5177,0.5592,A,0,1,1,0,0,1.5632357705887328,high_uncertainty
CHELSEA,FULHAM,2.1925336053448774,1.1225635938814191,0.6074,0.2097,0.1829,0.6362,0.6019,H,1,0,1,0,0,1.3577362465850387,balanced
BREST,MONTPELLIER,1.40015038510937,0.8570172145023063,0.5074,0.2694,0.2232,0.3913,0.4269,H,2,0,2,0,0,1.4893117868735875,balanced
M'GLADBACH,UNION BERLIN,1.6633024282324362,0.9609385751430269,0.5448,0.2483,0.2069,0.486,0.4968,D,0,0,0,0,0,1.4466812935767275,balanced
OSASUNA,VALLECANO,1.321019305613752,1.3533318077937675,0.368,0.2549,0.3771,0.5071,0.5419,H,2,0,2,0,0,1.5639722953801385,high_uncertainty
ST ETIENNE,NANTES,1.1678520667448355,1.3451911038174147,0.3201,0.267,0.4129,0.4639,0.5107,D,1,1,2,0,1,1.561629085321763,high_uncertainty
MALLORCA,CADIZ,1.2536746475715577,0.8603363346847278,0.4517,0.295,0.2533,0.3606,0.4221,D,1,1,2,0,1,1.53926828714816,high_uncertainty
SEVILLA,ATH MADRID,1.0493433752463681,1.2535018846478228,0.3104,0.2763,0.4133,0.4061,0.4625,A,1,2,3,1,1,1.563470340787076,high_uncertainty
LAZIO,LECCE,2.135281393011958,0.7706558378124673,0.6878,0.188,0.1242,0.5627,0.4799,A,0,1,1,0,0,1.198425226001919,predictable
EVERTON,CHELSEA,1.6760603805050678,1.027892572910945,0.5216,0.2498,0.2286,0.5055,0.5178,H,2,0,2,0,0,1.476375470727022,balanced
BARCELONA,OSASUNA,2.7041855796452596,0.7232864168140336,0.7907,0.1338,0.0755,0.669,0.4794,H,3,0,3,1,0,0.9375720007074583,predictable
NEWCASTLE,SHEFFIELD UNITED,2.5428036467743884,0.7848349998222487,0.7554,0.1527,0.0919,0.6444,0.4989,H,5,1,6,1,1,1.0361897384804015,predictable
MALLORCA,REAL MADRID,1.0498337519166117,1.8401208844977417,0.2062,0.2333,0.5605,0.5487,0.5486,A,0,1,1,0,0,1.4277066819014235,balanced
BARCELONA,VALLECANO,2.806901567491278,0.8433007928050049,0.7841,0.1339,0.082,0.6993,0.5339,H,1,0,1,0,0,0.959421625864603,predictable
GENOA,ATALANTA,0.9265232600681653,1.6994770766073588,0.2027,0.2455,0.5518,0.485,0.4915,A,1,4,5,1,1,1.4374911771598682,balanced
MAN CITY,MAN UNITED,2.9594226549359575,1.0049493883476193,0.7644,0.1387,0.0969,0.7564,0.6074,H,3,1,4,1,1,1.0178683144884766,predictable
INTER,LAZIO,2.496358940807895,0.9427683758695018,0.7154,0.1647,0.1199,0.6739,0.5624,H,2,0,2,0,0,1.1411349049283692,predictable
INTER,UDINESE,1.8556253396361166,0.7134574472320584,0.6426,0.2223,0.1351,0.4752,0.4339,H,4,0,4,1,0,1.28240081685072,balanced
BOURNEMOUTH,MAN CITY,1.2270614451472,1.93999579682623,0.2328,0.2293,0.5379,0.5957,0.6061,H,2,1,3,1,1,1.4579322961007162,balanced
M'GLADBACH,HEIDENHEIM,2.1069822272950356,1.4387610023089303,0.5324,0.2078,0.2598,0.6879,0.6731,H,2,1,3,1,1,1.4603889180843037,balanced
GRANADA,MALLORCA,1.5162733200216256,1.0362348656390712,0.4881,0.256,0.2559,0.4724,0.5016,H,3,2,5,1,1,1.5114913472356333,high_uncertainty
ASTON VILLA,BURNLEY,2.178294319087084,0.659974680066895,0.7211,0.1784,0.1005,0.5363,0.4328,H,3,2,5,1,1,1.1169415757247245,predictable
MONACO,MARSEILLE,1.700653918074772,1.4071517387320112,0.4408,0.2342,0.325,0.601,0.6167,H,3,2,5,1,1,1.5383814686308654,high_uncertainty
AUGSBURG,STUTTGART,1.2534499973931121,2.479039340938052,0.1812,0.177,0.6418,0.7232,0.6525,A,0,1,1,0,0,1.2993433784192538,balanced
BOCHUM,DORTMUND,1.1666416477467056,1.6688514810926312,0.2648,0.2414,0.4938,0.5358,0.553,H,2,0,2,0,0,1.5053085180803303,high_uncertainty
LENS,REIMS,2.1374711090547924,1.0488876543648944,0.6222,0.1981,0.1797,0.6108,0.5718,H,2,0,2,0,0,1.3336267199548133,balanced
SOCIEDAD,LAS PALMAS,1.8610483882976399,0.8360694357495987,0.6143,0.2171,0.1686,0.5015,0.4745,H,2,0,2,0,0,1.3432575532038298,balanced
SOCIEDAD,CADIZ,1.9738871138344198,0.7422375469641972,0.666,0.2017,0.1323,0.5095,0.4574,H,2,0,2,0,0,1.2424828811231021,balanced
LENS,STRASBOURG,1.7091405913430902,0.8743533656973368,0.5698,0.2402,0.19,0.476,0.4745,H,3,1,4,1,1,1.4118610686581468,balanced
HOFFENHEIM,HEIDENHEIM,1.846532141008285,1.1354280550955813,0.5366,0.2302,0.2332,0.5722,0.5751,D,1,1,2,0,1,1.4595173778378587,balanced
VALENCIA,SOCIEDAD,1.4203370814170275,1.1688112478850126,0.4314,0.2606,0.308,0.4793,0.5243,A,0,1,1,0,0,1.5521249101966366,high_uncertainty
STRASBOURG,AUXERRE,1.4865668048952272,1.002616580258901,0.477,0.2568,0.2662,0.4543,0.4909,H,3,0,3,1,0,1.5213512128367956,high_uncertainty
BARCELONA,ATH MADRID,2.4246198276547517,1.186341169867533,0.6457,0.1813,0.173,0.6987,0.6338,H,3,1,4,1,1,1.2920095309309028,balanced
NOTT'M FOREST,WEST HAM,1.3175457794027472,1.5406719046697794,0.3305,0.2476,0.4219,0.5546,0.5812,H,2,0,2,0,0,1.551823009756088,high_uncertainty
LORIENT,MONTPELLIER,1.209312514931248,1.6963925191493794,0.2801,0.2425,0.4774,0.5534,0.5764,A,0,3,3,1,0,1.5191726485045909,high_uncertainty
TOTTENHAM,ARSENAL,1.7501878147254089,1.7631101247837446,0.3911,0.2162,0.3927,0.6878,0.6811,A,0,1,1,0,0,1.5369655045054689,high_uncertainty
GETAFE,VALLECANO,1.4713483369254938,0.6851977307974907,0.5643,0.2605,0.1752,0.3695,0.3805,A,0,2,2,0,0,1.4116127863115273,balanced
ATALANTA,EMPOLI,3.1616522312707187,0.5528008354508402,0.8761,0.0896,0.0343,0.7179,0.4131,H,3,2,5,1,1,0.645920132467618,predictable
NICE,PARIS FC,2.026021250144977,1.1571089190209936,0.5776,0.2132,0.2092,0.6161,0.6011,D,1,1,2,0,1,1.4049271158243033,balanced
FIORENTINA,ROMA,1.7831119058413447,1.1417806793572418,0.5271,0.2292,0.2437,0.5568,0.5529,H,5,1,6,1,1,1.470459142608452,balanced
WEST HAM,TOTTENHAM,1.500881688527259,1.114803303709417,0.4535,0.2604,0.2861,0.4961,0.5246,A,0,3,3,1,0,1.5393799114493516,high_uncertainty
GETAFE,SOCIEDAD,0.9207808149924888,1.5752851216915278,0.2228,0.2549,0.5223,0.4567,0.4796,D,1,1,2,0,1,1.4747075118294013,balanced
SOCIEDAD,SEVILLA,1.6630824324748974,1.1094357250708253,0.4995,0.2396,0.2609,0.5295,0.5438,H,2,1,3,1,1,1.4998451987002326,balanced
ASTON VILLA,CRYSTAL PALACE,1.237254524761231,1.2473494830759986,0.3631,0.263,0.3739,0.4584,0.5062,H,3,1,4,1,1,1.568125587300873,high_uncertainty
ASTON VILLA,LUTON,2.074918825027156,0.8005769910648636,0.679,0.1975,0.1235,0.545,0.4774,H,3,1,4,1,1,1.2140486231339744,balanced
WEST HAM,IPSWICH,1.36755726191566,0.969157320058287,0.4557,0.2792,0.2651,0.4193,0.4715,H,4,1,5,1,1,1.538366511471174,high_uncertainty
NANTES,MONTPELLIER,1.4307186878394214,1.1431152643563396,0.4379,0.2596,0.3025,0.478,0.5217,H,3,0,3,1,0,1.548579855937638,high_uncertainty
BARCELONA,OSASUNA,3.2117814673504532,0.8041806514292792,0.8377,0.1008,0.0615,0.7628,0.5278,H,2,0,2,0,0,0.7951503597809609,predictable
DORTMUND,LEVERKUSEN,1.1277914375849682,2.079315031146398,0.2049,0.2102,0.5849,0.6133,0.5853,A,2,3,5,1,1,1.394152152395285,balanced
EMPOLI,MILAN,0.8927495160521132,1.6544807619349216,0.1999,0.2346,0.5655,0.4715,0.4687,A,0,2,2,0,0,1.4200841691886634,balanced
MONACO,METZ,2.334082163328722,1.0185339355633738,0.6636,0.1886,0.1478,0.6421,0.572,H,2,1,3,1,1,1.2541537044170143,balanced
SASSUOLO,GENOA,1.5906731923453659,1.2533646639683282,0.4498,0.2465,0.3037,0.5529,0.5772,A,1,2,3,1,1,1.53861908311674,high_uncertainty
WEST HAM,MAN CITY,1.016321382100053,1.8289116564091057,0.2072,0.2254,0.5674,0.5426,0.5345,A,1,3,4,1,1,1.4188998816073055,balanced
EVERTON,WEST HAM,1.4483833997773143,1.068555099985384,0.4503,0.2698,0.2799,0.4618,0.5067,A,1,3,4,1,1,1.5424271728342154,high_uncertainty
NOTT'M FOREST,CHELSEA,0.8872762169379249,1.5726688431043132,0.2161,0.2539,0.53,0.4452,0.4643,A,0,3,3,1,0,1.4652062604705085,balanced
ATH MADRID,GIRONA,1.9357029026599057,1.1069257529234593,0.5613,0.2216,0.2171,0.5985,0.5822,H,3,1,4,1,1,1.4277969749825643,balanced
MONTPELLIER,LE HAVRE,2.2383382447576965,1.0087806701438289,0.6577,0.186,0.1563,0.6315,0.5677,D,2,2,4,1,1,1.2674414444270863,balanced
LEICESTER,CHELSEA,0.9505961761241343,1.7793168719636867,0.1964,0.2413,0.5623,0.5078,0.514,A,1,2,3,1,1,1.423143486320589,balanced
NICE,MARSEILLE,1.3418955521935498,1.708734514565085,0.304,0.234,0.462,0.592,0.6044,H,2,0,2,0,0,1.527240919058502,high_uncertainty
LAS PALMAS,GIRONA,1.3947323639836535,1.1969624826960077,0.4124,0.2589,0.3287,0.4857,0.5208,H,1,0,1,0,0,1.5593483778546051,high_uncertainty
FREIBURG,ST PAULI,1.4979620621929288,0.9880536741859056,0.497,0.2542,0.2488,0.4654,0.4981,H,2,1,3,1,1,1.5029322124512197,high_uncertainty
ARSENAL,WOLVES,1.9184344201145673,0.6101973287094588,0.6763,0.2106,0.1131,0.465,0.3963,H,2,1,3,1,1,1.2105430849337655,balanced
CRYSTAL PALACE,LIVERPOOL,1.1222178413702288,1.7767135988866511,0.2419,0.2322,0.5259,0.5574,0.5597,A,1,2,3,1,1,1.472020416166824,balanced
TOTTENHAM,WEST HAM,2.240331177946163,1.4787902987133703,0.5552,0.2035,0.2413,0.7163,0.6894,H,4,1,5,1,1,1.433670157478179,balanced
GIRONA,LAS PALMAS,1.777994297900369,0.8734494043925977,0.5881,0.2357,0.1762,0.4932,0.4851,H,2,1,3,1,1,1.3831657093708758,balanced
GIRONA,VALLECANO,1.5490882342631034,0.8598472611391654,0.5429,0.2573,0.1998,0.434,0.4519,H,3,0,3,1,0,1.446551737581869,balanced
OSASUNA,ESPANOL,1.5896374930524648,0.9122372435141367,0.536,0.2492,0.2148,0.4563,0.4712,H,2,0,2,0,0,1.4584159229196092,balanced
MILAN,PARMA,2.0003441724874187,0.7727634177062389,0.664,0.2049,0.1311,0.5277,0.4723,H,3,2,5,1,1,1.2451507841134062,balanced
NAPOLI,LAZIO,1.2295448327001965,1.1681705400378148,0.3695,0.2854,0.3451,0.4331,0.4902,A,0,1,1,0,0,1.5767036577970868,high_uncertainty
GIRONA,VALENCIA,1.0693537382304266,1.0983924969044658,0.3512,0.2949,0.3539,0.3627,0.436,H,2,1,3,1,1,1.5800596032542364,high_uncertainty
SUNDERLAND,WEST HAM,1.4397142477034255,1.1436728983629567,0.4408,0.2554,0.3038,0.4746,0.5165,H,3,0,3,1,0,1.5460383856354747,high_uncertainty
BARCELONA,VALENCIA,2.0049161861985567,0.6742253516970371,0.6828,0.1981,0.1191,0.5077,0.4311,H,4,2,6,1,1,1.2041673239498867,balanced
UNION BERLIN,FREIBURG,1.4911793651850869,1.2517100090044961,0.4283,0.2545,0.3172,0.5169,0.5523,D,0,0,0,0,0,1.5518449340271159,high_uncertainty
EIN FRANKFURT,M'GLADBACH,1.7226540447520557,1.2756147007668062,0.4797,0.2361,0.2842,0.5825,0.5966,H,2,1,3,1,1,1.515898443214615,high_uncertainty
CHELSEA,CRYSTAL PALACE,1.7160574660695698,0.8487683026482804,0.5772,0.2373,0.1855,0.477,0.4701,H,2,1,3,1,1,1.4009451000098414,balanced
VALLECANO,ATH MADRID,1.1494969552410144,1.6125209135886451,0.2738,0.2475,0.4787,0.524,0.5468,D,1,1,2,0,1,1.519033000464537,high_uncertainty
LENS,MARSEILLE,1.4432652918624609,0.9553726016292486,0.4903,0.2686,0.2411,0.4434,0.4794,H,1,0,1,0,0,1.5083577019615977,high_uncertainty
REAL MADRID,LAS PALMAS,2.608605082229401,0.9218971117900112,0.7358,0.1576,0.1066,0.6899,0.5697,H,4,1,5,1,1,1.0900720154730819,predictable
STUTTGART,DORTMUND,1.7195888294014865,1.5157023015012432,0.4296,0.2275,0.3429,0.6269,0.6399,H,5,1,6,1,1,1.5390937639219338,high_uncertainty
SHEFFIELD UNITED,ASTON VILLA,0.9486237554000648,1.7950103619466458,0.192,0.2285,0.5795,0.517,0.5107,A,0,5,5,1,0,1.3998976972346058,balanced
M'GLADBACH,HEIDENHEIM,1.7620391753762596,1.3708389065851634,0.4611,0.2348,0.3041,0.6043,0.6154,H,3,2,5,1,1,1.5280831487488038,high_uncertainty
OSASUNA,VALENCIA,1.6019133124904947,1.0863440411346454,0.4946,0.247,0.2584,0.5064,0.5247,H,1,0,1,0,0,1.505130355294682,high_uncertainty
METZ,ANGERS,1.4063951793172818,1.1507642226966404,0.4336,0.2613,0.3051,0.4773,0.5206,D,1,1,2,0,1,1.5511950716201413,high_uncertainty
MILAN,FIORENTINA,1.592823278658527,1.1948525818264397,0.4726,0.2418,0.2856,0.5284,0.5534,H,1,0,1,0,0,1.5226057220262605,high_uncertainty
FREIBURG,EIN FRANKFURT,1.4248463142577419,1.2089348339487866,0.4172,0.2619,0.3209,0.4912,0.5316,D,3,3,6,1,1,1.5586108881077505,high_uncertainty
LYON,NANTES,1.6791832334032932,1.2937922554921921,0.4622,0.2446,0.2932,0.5701,0.5937,H,2,0,2,0,0,1.5305008958818778,high_uncertainty
INTER,CAGLIARI,3.062704136743014,0.9504147994894366,0.7938,0.1233,0.0829,0.7644,0.584,D,2,2,4,1,1,0.9346092391291143,predictable
DARMSTADT,WOLFSBURG,1.3577532171453686,1.3455715278217553,0.3706,0.2609,0.3685,0.5091,0.5536,A,0,1,1,0,0,1.5671971461037453,high_uncertainty
BOLOGNA,CAGLIARI,2.092132917615449,0.857914237103141,0.6645,0.1938,0.1417,0.5692,0.504,H,2,1,3,1,1,1.2500874290618533,balanced
CAGLIARI,NAPOLI,1.075543020622375,1.8546855002347225,0.2201,0.2254,0.5545,0.568,0.5579,D,1,1,2,0,1,1.4368671342417885,balanced
MALLORCA,ATH MADRID,1.0156625697441748,1.462867623171729,0.2614,0.2631,0.4755,0.4523,0.493,A,0,1,1,0,0,1.5227633762274388,high_uncertainty
HEIDENHEIM,WERDER BREMEN,1.6273925150732016,1.3323562583859179,0.4521,0.2373,0.3106,0.5711,0.5971,H,4,2,6,1,1,1.534174540545819,high_uncertainty
BOURNEMOUTH,NOTT'M FOREST,2.179948874141055,1.031192857708827,0.6375,0.192,0.1705,0.627,0.5609,D,1,1,2,0,1,1.3063184461367883,balanced
LECCE,GENOA,1.6631648979009641,0.9051102876845607,0.5405,0.2491,0.2104,0.4776,0.4878,H,1,0,1,0,0,1.4524081091505587,balanced
EIN FRANKFURT,WERDER BREMEN,1.836650622345022,1.1936074976453852,0.5292,0.2226,0.2482,0.5891,0.5849,H,4,1,5,1,1,1.467333779690099,balanced
REIMS,MARSEILLE,1.249745157190173,1.490998161989546,0.3217,0.2505,0.4278,0.5185,0.5552,H,1,0,1,0,0,1.5506987949075737,high_uncertainty
BRENTFORD,LIVERPOOL,0.8733071427978536,1.8092382792940092,0.188,0.2293,0.5827,0.4954,0.4871,A,0,2,2,0,0,1.394521704130469,balanced
STRASBOURG,NANTES,1.4027098759009327,1.4520199599064436,0.3594,0.2563,0.3843,0.5508,0.5837,H,3,1,4,1,1,1.5642100485439099,high_uncertainty
ANGERS,MONACO,0.9249516458560313,1.6594289203778692,0.2069,0.2467,0.5464,0.4848,0.5005,D,1,1,2,0,1,1.4448566261936675,balanced
NICE,MARSEILLE,1.1481456715803307,1.9488784873896938,0.2167,0.2204,0.5629,0.5996,0.5807,A,1,5,6,1,1,1.425631318314173,balanced
METZ,LORIENT,1.2598101911900739,0.9593610715275224,0.4352,0.2787,0.2861,0.3928,0.4458,A,1,2,3,1,1,1.5525800449988076,high_uncertainty
CREMONESE,JUVENTUS,1.081694072062617,1.5682345170753882,0.252,0.2563,0.4917,0.4925,0.5266,A,1,2,3,1,1,1.5080749761844274,high_uncertainty
ATALANTA,VERONA,2.3322881390033072,0.7526731507782638,0.7257,0.1706,0.1037,0.5935,0.4764,H,6,1,7,1,1,1.109978014077043,predictable
LAS PALMAS,SEVILLA,1.6690565462403852,1.047826760069947,0.5208,0.2361,0.2431,0.5118,0.5217,A,0,2,2,0,0,1.4778775414154202,balanced
LIVERPOOL,NOTT'M FOREST,3.0293933151929124,1.0700893323197365,0.7642,0.1343,0.1015,0.7733,0.6202,A,0,1,1,0,0,1.0204839309943712,predictable
ASTON VILLA,SOUTHAMPTON,1.3445703632720192,0.4857511417381299,0.5807,0.2872,0.1321,0.2809,0.2888,H,1,0,1,0,0,1.3580418842251112,balanced
BOLOGNA,ROMA,1.357331392870801,1.0309597659369083,0.4398,0.2704,0.2898,0.4259,0.4703,H,2,0,2,0,0,1.5492330985647338,high_uncertainty
MAN UNITED,LIVERPOOL,1.1472892029836574,2.5073356188366445,0.1541,0.1759,0.67,0.7042,0.6233,A,0,3,3,1,0,1.24388678801743,balanced
PARIS SG,NANTES,2.646859343005304,0.8503833847616779,0.7542,0.1473,0.0985,0.6773,0.5405,D,1,1,2,0,1,1.0433177149779675,predictable
LORIENT,STRASBOURG,1.268845182264359,1.284202906371032,0.3655,0.2621,0.3724,0.4715,0.5163,A,1,2,3,1,1,1.5677522531867296,high_uncertainty
UDINESE,GENOA,1.4921329425034473,1.1200497889735757,0.4502,0.265,0.2848,0.4863,0.5243,D,2,2,4,1,1,1.5421177639380086,high_uncertainty
MARSEILLE,LE HAVRE,2.070788476508666,1.0099714600343543,0.6195,0.2025,0.178,0.5879,0.5552,H,3,0,3,1,0,1.337755656660138,balanced
SOCIEDAD,VALLECANO,1.4273963303372148,1.1768980759769756,0.4325,0.2525,0.315,0.4902,0.5315,A,0,1,1,0,0,1.5493379060245394,high_uncertainty
MARSEILLE,TOULOUSE,1.8840562930292004,1.0033898993940096,0.5877,0.221,0.1913,0.5487,0.5362,D,0,0,0,0,0,1.3884477970197404,balanced
